flrID,instruments,beginTime,peakTime,endTime,classType,sourceLocation,activeRegionNum,linkedEvents,link,P10OnsetMax,Farside,FarsideManuallyAddedByUs
,,2010-08-01T08:26Z,2010-08-03T16:45Z,2010-08-04T04:50Z,SUB,N20E36,11092,,,2.74,FALSE,FALSE
2010-08-14T10:05:00-FLR-001,[{'displayName': 'GOES14: SEM/XRS 1.0-8.0'}],2010-08-14T10:05Z,2010-08-14T12:45Z,2010-08-14T14:10Z,SPE,N17W52,11099,[{'activityID': '2021-07-10T12:00:00-CME-001'}],https://kauai.ccmc.gsfc.nasa.gov/DONKI/view/FLR/595/-1,14,FALSE,FALSE
,,2010-08-18T05:48Z,2010-08-18T13:10Z,2010-08-19T03:40Z,SUB,N17W100,11099,,,4.1,TRUE,FALSE
,,2011-01-28T01:03Z,2011-01-28T16:25Z,2011-01-28T20:20Z,SUB,N16W90,11149,,,2.8,FALSE,FALSE
,,2011-02-15T01:56Z,2011-02-15T11:15Z,2011-02-16T01:25Z,SUB,S18W15,11158,,,2.58,FALSE,FALSE
2011-03-07T20:12:00-FLR-001,[{'displayName': 'GOES14: SEM/XRS 1.0-8.0'}],2011-03-07T20:12Z,2011-03-08T08:00Z,2011-03-10T12:10Z,SPE,N31W53,11164,[{'activityID': '2021-07-10T12:00:00-CME-001'}],https://kauai.ccmc.gsfc.nasa.gov/DONKI/view/FLR/595/-1,50,FALSE,FALSE
,,2011-03-21T02:34Z,2011-03-22T01:35Z,2011-03-22T03:35Z,SPE,N16W130,11169,,,14,TRUE,TRUE
,,2011-06-05T22:15Z,2011-06-06T04:05Z,2011-06-07T07:15Z,SUB,N16W148,11222,,,4.87,TRUE,FALSE
,,2011-06-07T06:41Z,2011-06-07T18:20Z,2011-06-08T17:10Z,ESPE,S21W54,11226,,,72,FALSE,FALSE
,,2011-08-02T06:19Z,2011-08-02T11:10Z,2011-08-03T12:00Z,SUB,N14W15,11261,,,2.9,FALSE,FALSE
2011-08-04T03:57:00-FLR-001,[{'displayName': 'GOES-P: EXIS 1.0-8.0'}],2011-08-04T03:57Z,2011-08-05T21:50Z,2011-08-06T05:15Z,ESPE,N19W36,11261,[{'activityID': '2021-07-10T12:00:00-CME-001'}],https://kauai.ccmc.gsfc.nasa.gov/DONKI/view/FLR/17262/-1,80,FALSE,FALSE
,,2011-08-08T18:10Z,2011-08-08T20:00Z,2011-08-09T03:55Z,SUB,N16W61,11263,,,4.03,FALSE,FALSE
2011-08-09T08:05:00-FLR-001,[{'displayName': 'GOES14: SEM/XRS 1.0-8.0'}],2011-08-09T08:05Z,2011-08-09T12:10Z,2011-08-09T17:15Z,ESPE,N17W69,11263,[{'activityID': '2021-07-10T12:00:00-CME-001'}],https://kauai.ccmc.gsfc.nasa.gov/DONKI/view/FLR/595/-1,26,FALSE,FALSE
,,2011-09-06T01:50Z,2011-09-06T14:10Z,2011-09-07T00:50Z,SUB,N14W07,11283,,,2.42,FALSE,FALSE
2011-09-06T22:20:00-FLR-001,[{'displayName': 'GOES-P: EXIS 1.0-8.0'}],2011-09-06T22:20Z,2011-09-07T07:15Z,2011-09-08T17:30Z,SUB,N14W18,11283,[{'activityID': '2021-07-10T12:00:00-CME-001'}],https://kauai.ccmc.gsfc.nasa.gov/DONKI/view/FLR/17262/-1,8.85,FALSE,FALSE
2011-09-22T11:01:00-FLR-001,[{'displayName': 'GOES14: SEM/XRS 1.0-8.0'}],2011-09-22T11:01Z,2011-09-26T11:15Z,2011-09-27T04:30Z,SPE,N13E78,11302,[{'activityID': '2021-07-10T12:00:00-CME-001'}],https://kauai.ccmc.gsfc.nasa.gov/DONKI/view/FLR/595/-1,14,FALSE,FALSE
2011-10-22T11:10:00-FLR-001,[{'displayName': 'GOES14: SEM/XRS 1.0-8.0'}],2011-10-22T11:10Z,2011-10-23T15:35Z,2011-10-23T16:05Z,SPE,N25W77,11314,[{'activityID': '2021-07-10T12:00:00-CME-001'}],https://kauai.ccmc.gsfc.nasa.gov/DONKI/view/FLR/595/-1,13,FALSE,FALSE
,,2011-12-25T18:16Z,2011-12-26T01:35Z,2011-12-26T11:45Z,SUB,S22W26,11387,,,3.23,FALSE,FALSE
,,2012-01-19T16:05Z,2012-01-20T20:15Z,2012-01-23T04:40Z,SUB,N32E22,11402,,,2.31,FALSE,FALSE
2012-01-23T03:59:00-FLR-001,[{'displayName': 'GOES-P: EXIS 1.0-8.0'}],2012-01-23T03:59Z,2012-01-24T15:30Z,2012-01-27T10:25Z,ESPE,N28W21,11402,[{'activityID': '2021-07-10T12:00:00-CME-001'}],https://kauai.ccmc.gsfc.nasa.gov/DONKI/view/FLR/17262/-1,3895,FALSE,FALSE
2012-01-27T18:37:00-FLR-001,[{'displayName': 'GOES14: SEM/XRS 1.0-8.0'}],2012-01-27T18:37Z,2012-01-28T02:05Z,2012-01-31T06:35Z,ESPE,N27W71,11402,[{'activityID': '2021-07-10T12:00:00-CME-001'}],https://kauai.ccmc.gsfc.nasa.gov/DONKI/view/FLR/595/-1,796,FALSE,FALSE
,,2012-03-04T10:52Z,2012-03-06T13:35Z,2012-03-07T02:45Z,SUB,N19E61,11429,,,4.07,FALSE,FALSE
2012-03-07T00:24:00-FLR-001,[{'displayName': 'GOES-P: EXIS 1.0-8.0'}],2012-03-07T00:24Z,2012-03-08T11:15Z,2012-03-12T20:50Z,ESPE,N17E27,11429,[{'activityID': '2021-07-10T12:00:00-CME-001'}],https://kauai.ccmc.gsfc.nasa.gov/DONKI/view/FLR/17262/-1,1913,FALSE,FALSE
2012-03-13T17:41:00-FLR-001,[{'displayName': 'GOES14: SEM/XRS 1.0-8.0'}],2012-03-13T17:41Z,2012-03-13T20:45Z,2012-03-15T06:20Z,ESPE,N18W59,11429,[{'activityID': '2021-07-10T12:00:00-CME-001'}],https://kauai.ccmc.gsfc.nasa.gov/DONKI/view/FLR/595/-1,469,FALSE,FALSE
2012-05-17T01:47:00-FLR-001,[{'displayName': 'GOES14: SEM/XRS 1.0-8.0'}],2012-05-17T01:47Z,2012-05-17T04:30Z,2012-05-18T16:20Z,ESPE,N11W76,11476,[{'activityID': '2021-07-10T12:00:00-CME-001'}],https://kauai.ccmc.gsfc.nasa.gov/DONKI/view/FLR/595/-1,255,FALSE,FALSE
2012-05-26T20:57:00-FLR-001,[{'displayName': 'GOES14: SEM/XRS 1.0-8.0'}],2012-05-26T20:57Z,2012-05-27T10:45Z,2012-05-27T12:35Z,SPE,N15W122,11482,[{'activityID': '2021-07-10T12:00:00-CME-001'}],https://kauai.ccmc.gsfc.nasa.gov/DONKI/view/FLR/595/-1,14,TRUE,FALSE
2012-06-14T14:30:00-FLR-001,,2012-06-14T14:35Z,2012-06-15T09:55Z,2012-06-16T22:55Z,SUB,S17E06,11504,[{'activityID': '2021-07-10T12:00:00-CME-001'}],https://kauai.ccmc.gsfc.nasa.gov/DONKI/view/FLR/17262/-1,1,FALSE,FALSE
2012-07-06T23:08:00-FLR-001,[{'displayName': 'GOES14: SEM/XRS 1.0-8.0'}],2012-07-06T23:08Z,2012-07-07T07:45Z,2012-07-07T21:10Z,SPE,S18W50,11515,[{'activityID': '2021-07-10T12:00:00-CME-001'}],https://kauai.ccmc.gsfc.nasa.gov/DONKI/view/FLR/595/-1,25,FALSE,FALSE
2012-07-08T16:32:00-FLR-001,[{'displayName': 'GOES14: SEM/XRS 1.0-8.0'}],2012-07-08T16:32Z,2012-07-09T04:30Z,2012-07-09T14:45Z,SPE,S17W74,11515,[{'activityID': '2021-07-10T12:00:00-CME-001'}],https://kauai.ccmc.gsfc.nasa.gov/DONKI/view/FLR/595/-1,19,FALSE,FALSE
2012-07-12T16:49:00-FLR-001,[{'displayName': 'GOES-P: EXIS 1.0-8.0'}],2012-07-12T16:49Z,2012-07-12T22:25Z,2012-07-15T02:00Z,SPE,S15W01,11520,[{'activityID': '2021-07-10T12:00:00-CME-001'}],https://kauai.ccmc.gsfc.nasa.gov/DONKI/view/FLR/17262/-1,96,FALSE,FALSE
2012-07-17T17:15:00-FLR-001,[{'displayName': 'GOES14: SEM/XRS 1.0-8.0'}],2012-07-17T17:15Z,2012-07-18T06:00Z,2012-07-19T06:45Z,SPE,S28W65,11520,[{'activityID': '2021-07-10T12:00:00-CME-001'}],https://kauai.ccmc.gsfc.nasa.gov/DONKI/view/FLR/595/-1,136,FALSE,FALSE
2012-07-19T05:58:00-FLR-001,[{'displayName': 'GOES14: SEM/XRS 1.0-8.0'}],2012-07-19T05:58Z,2012-07-19T14:25Z,2012-07-21T03:10Z,SPE,S17W92,11520,[{'activityID': '2021-07-10T12:00:00-CME-001'}],https://kauai.ccmc.gsfc.nasa.gov/DONKI/view/FLR/595/-1,80,TRUE,FALSE
2012-07-23T02:36:00-FLR-001,[{'displayName': 'GOES14: SEM/XRS 1.0-8.0'}],2012-07-23T02:36Z,2012-07-23T21:45Z,2012-07-24T18:00Z,SPE,S17W144,11520,[{'activityID': '2021-07-10T12:00:00-CME-001'}],https://kauai.ccmc.gsfc.nasa.gov/DONKI/view/FLR/595/-1,12,TRUE,FALSE
2012-08-31T20:43:00-FLR-001,[{'displayName': 'GOES-P: EXIS 1.0-8.0'}],2012-08-31T20:43Z,2012-09-02T08:50Z,2012-09-04T06:25Z,SPE,S19E42,11562,[{'activityID': '2021-07-10T12:00:00-CME-001'}],https://kauai.ccmc.gsfc.nasa.gov/DONKI/view/FLR/17262/-1,60,FALSE,FALSE
2012-09-27T23:57:00-FLR-001,[{'displayName': 'GOES-P: EXIS 1.0-8.0'}],2012-09-27T23:57Z,2012-09-28T04:45Z,2012-09-28T10:40Z,SPE,N06W34,11577,[{'activityID': '2021-07-10T12:00:00-CME-001'}],https://kauai.ccmc.gsfc.nasa.gov/DONKI/view/FLR/17262/-1,28,FALSE,FALSE
,,2012-11-08T11:00Z,2012-11-09T04:20Z,2012-11-12T00:00Z,SUB,S11W162,11598,,,2.4,TRUE,FALSE
2013-03-15T06:58:00-FLR-001,[{'displayName': 'GOES-P: EXIS 1.0-8.0'}],2013-03-15T06:58Z,2013-03-17T07:00Z,2013-03-17T08:25Z,SPE,N11E12,11692,[{'activityID': '2021-07-10T12:00:00-CME-001'}],https://kauai.ccmc.gsfc.nasa.gov/DONKI/view/FLR/17262/-1,15,FALSE,FALSE
2013-04-11T07:16:00-FLR-001,[{'displayName': 'GOES-P: EXIS 1.0-8.0'}],2013-04-11T07:16Z,2013-04-11T16:45Z,2013-04-12T22:10Z,ESPE,N09E12,11719,[{'activityID': '2021-07-10T12:00:00-CME-001'}],https://kauai.ccmc.gsfc.nasa.gov/DONKI/view/FLR/17262/-1,114,FALSE,FALSE
,,2013-04-21T09:55Z,2013-04-21T16:40Z,2013-04-22T16:00Z,SUB,N10W122,11719,,,3.27,TRUE,FALSE
2013-05-15T01:48:00-FLR-001,[{'displayName': 'GOES14: SEM/XRS 1.0-8.0'}],2013-05-15T01:48Z,2013-05-17T17:20Z,2013-05-18T14:45Z,SPE,N12E64,11748,[{'activityID': '2021-07-10T12:00:00-CME-001'}],https://kauai.ccmc.gsfc.nasa.gov/DONKI/view/FLR/595/-1,42,FALSE,FALSE
2013-05-22T13:32:00-FLR-001,[{'displayName': 'GOES14: SEM/XRS 1.0-8.0'}],2013-05-22T13:32Z,2013-05-23T06:50Z,2013-05-25T08:45Z,ESPE,N15W70,11745,[{'activityID': '2021-07-10T12:00:00-CME-001'}],https://kauai.ccmc.gsfc.nasa.gov/DONKI/view/FLR/595/-1,1665,FALSE,FALSE
,,2013-06-21T03:14Z,2013-06-22T17:00Z,2013-06-23T07:45Z,SUB,S16E73,11777,,,7,FALSE,FALSE
,,2013-06-22T12:00Z,2013-06-24T05:20Z,2013-06-24T08:50Z,SPE,S12W140,11768,[{'activityID': '2021-07-10T12:00:00-CME-001'}],https://kauai.ccmc.gsfc.nasa.gov/DONKI/view/FLR/595/-1,14,TRUE,FALSE
,,2013-10-28T02:03Z,2013-10-28T17:45Z,2013-10-28T18:10Z,SUB,N04W66,11875,,,3.63,FALSE,FALSE
,,2013-10-28T15:15Z,2013-10-30T09:25Z,2013-10-31T16:00Z,SUB,S08E26,11882,,,4.84,FALSE,FALSE
,,2013-11-02T04:48Z,2013-11-02T20:00Z,2013-11-03T09:05Z,SUB,N06W135,11875,,,3.38,TRUE,FALSE
,,2013-11-07T00:02Z,2013-11-07T04:35Z,2013-11-07T22:00Z,SUB,S09W102,11882,,,6.65,TRUE,FALSE
,,2013-11-19T10:26Z,2013-11-19T18:25Z,2013-11-20T16:00Z,SUB,N14W70,11893,,,4.03,FALSE,FALSE
2013-12-28T17:36:00-FLR-001,[{'displayName': 'GOES14: SEM/XRS 1.0-8.0'}],2013-12-28T17:36Z,2013-12-28T23:15Z,2013-12-29T06:45Z,SPE,S16W136,11928,[{'activityID': '2021-07-10T12:00:00-CME-001'}],https://kauai.ccmc.gsfc.nasa.gov/DONKI/view/FLR/595/-1,29,TRUE,FALSE
2014-01-06T07:45:00-FLR-001,[{'displayName': 'GOES14: SEM/XRS 1.0-8.0'}],2014-01-06T07:45Z,2014-01-06T16:00Z,2014-01-07T19:30Z,ESPE,S15W108,11936,[{'activityID': '2021-07-10T12:00:00-CME-001'}],https://kauai.ccmc.gsfc.nasa.gov/DONKI/view/FLR/595/-1,42,TRUE,FALSE
2014-01-07T18:32:00-FLR-001,[{'displayName': 'GOES-P: EXIS 1.0-8.0'}],2014-01-07T18:32Z,2014-01-09T03:40Z,2014-01-11T20:20Z,ESPE,S15W11,11944,[{'activityID': '2021-07-10T12:00:00-CME-001'}],https://kauai.ccmc.gsfc.nasa.gov/DONKI/view/FLR/17262/-1,1026,FALSE,FALSE
2014-02-20T07:56:00-FLR-001,[{'displayName': 'GOES14: SEM/XRS 1.0-8.0'}],2014-02-20T07:56Z,2014-02-20T09:25Z,2014-02-20T11:25Z,SPE,S15W73,11976,[{'activityID': '2021-07-10T12:00:00-CME-001'}],https://kauai.ccmc.gsfc.nasa.gov/DONKI/view/FLR/595/-1,22,FALSE,FALSE
2014-02-25T00:49:00-FLR-001,[{'displayName': 'GOES14: SEM/XRS 1.0-8.0'}],2014-02-25T00:49Z,2014-02-28T00:49Z,2014-03-03T01:50Z,SPE,S12E83,11990,[{'activityID': '2021-07-10T12:00:00-CME-001'}],https://kauai.ccmc.gsfc.nasa.gov/DONKI/view/FLR/595/-1,24,FALSE,FALSE
2014-03-29T17:48:00-FLR-001,,2014-03-29T17:48Z,2014-03-29T22:30Z,2014-03-30T16:00Z,SUB,N11W32,12017,[{'activityID': '2021-07-10T12:00:00-CME-001'}],https://kauai.ccmc.gsfc.nasa.gov/DONKI/view/FLR/17262/-1,3.22,FALSE,FALSE
2014-04-18T13:03:00-FLR-001,[{'displayName': 'GOES-P: EXIS 1.0-8.0'}],2014-04-18T13:03Z,2014-04-19T01:05Z,2014-04-20T11:55Z,SPE,S20W34,12036,[{'activityID': '2021-07-10T12:00:00-CME-001'}],https://kauai.ccmc.gsfc.nasa.gov/DONKI/view/FLR/17262/-1,58,FALSE,FALSE
2014-09-10T17:45:00-FLR-001,[{'displayName': 'GOES-P: EXIS 1.0-8.0'}],2014-09-10T17:45Z,2014-09-12T15:55Z,2014-09-12T23:10Z,ESPE,N14E02,12158,[{'activityID': '2021-07-10T12:00:00-CME-001'}],https://kauai.ccmc.gsfc.nasa.gov/DONKI/view/FLR/17262/-1,29,FALSE,FALSE
,,2014-09-22T06:14Z,2014-09-22T13:00Z,2014-09-23T10:00Z,SUB,N16W150,12158,,,2.05,TRUE,FALSE
,,2014-12-13T14:24Z,2014-12-14T10:20Z,2014-12-15T12:00Z,SUB,S19W154,12222,,,2.5,TRUE,FALSE
,,2015-03-15T02:13Z,2015-03-15T09:40Z,2015-03-17T13:30Z,SUB,S22W25,12997,,,3.24,FALSE,FALSE
2015-06-18T01:27:00-FLR-001,[{'displayName': 'GOES14: SEM/XRS 1.0-8.0'}],2015-06-18T01:27Z,2015-06-18T14:45Z,2015-06-19T02:30Z,SPE,S13W89,12365,[{'activityID': '2021-07-10T12:00:00-CME-001'}],https://kauai.ccmc.gsfc.nasa.gov/DONKI/view/FLR/595/-1,17,FALSE,FALSE
2015-06-21T01:42:00-FLR-001,[{'displayName': 'GOES-P: EXIS 1.0-8.0'}],2015-06-21T01:42Z,2015-06-22T19:00Z,2015-06-24T07:05Z,SPE,N12E13,12371,[{'activityID': '2021-07-10T12:00:00-CME-001'}],https://kauai.ccmc.gsfc.nasa.gov/DONKI/view/FLR/17262/-1,278,FALSE,FALSE
2015-06-25T08:16:00-FLR-001,[{'displayName': 'GOES-P: EXIS 1.0-8.0'}],2015-06-25T08:16Z,2015-06-27T00:30Z,2015-06-27T16:20Z,SPE,N09W42,12371,[{'activityID': '2021-07-10T12:00:00-CME-001'}],https://kauai.ccmc.gsfc.nasa.gov/DONKI/view/FLR/17262/-1,16.3,FALSE,FALSE
,,2015-09-20T18:03Z,2015-09-20T20:45Z,2015-09-21T12:00Z,SUB,S22W50,12415,,,3.17,FALSE,FALSE
2015-10-29T02:36:00-FLR-001,[{'displayName': 'GOES14: SEM/XRS 1.0-8.0'}],2015-10-29T02:36Z,2015-10-29T10:00Z,2015-10-29T17:00Z,ESPE,S20W130,12434,[{'activityID': '2021-07-10T12:00:00-CME-001'}],https://kauai.ccmc.gsfc.nasa.gov/DONKI/view/FLR/595/-1,24,TRUE,FALSE
2015-11-09T13:12:00-FLR-001,,2015-11-09T13:12Z,2015-11-10T00:20Z,2015-11-10T03:00Z,SUB,S12E41,12449,[{'activityID': '2021-07-10T12:00:00-CME-001'}],https://kauai.ccmc.gsfc.nasa.gov/DONKI/view/FLR/17262/-1,3.71,FALSE,FALSE
,,2015-12-28T12:45Z,2015-12-29T01:50Z,2015-12-30T15:00Z,SUB,S23W11,12473,,,3.62,FALSE,FALSE
2016-01-02T00:11:00-FLR-001,[{'displayName': 'GOES14: SEM/XRS 1.0-8.0'}],2016-01-02T00:11Z,2016-01-02T04:50Z,2016-01-02T07:50Z,SPE,S25W82,12473,[{'activityID': '2021-07-10T12:00:00-CME-001'}],https://kauai.ccmc.gsfc.nasa.gov/DONKI/view/FLR/595/-1,22,FALSE,FALSE
2017-07-14T02:09:00-FLR-001,[{'displayName': 'GOES-P: EXIS 1.0-8.0'}],2017-07-14T02:09Z,2017-07-14T23:20Z,2017-07-15T11:15Z,SPE,S06W29,12665,[{'activityID': '2021-07-10T12:00:00-CME-001'}],https://kauai.ccmc.gsfc.nasa.gov/DONKI/view/FLR/17262/-1,22,FALSE,FALSE
2017-09-04T20:33:00-FLR-001,[{'displayName': 'GOES-P: EXIS 1.0-8.0'}],2017-09-04T20:33Z,2017-09-05T19:30Z,2017-09-06T12:40Z,SPE,S11W16,12673,[{'activityID': '2021-07-10T12:00:00-CME-001'}],https://kauai.ccmc.gsfc.nasa.gov/DONKI/view/FLR/17262/-1,210,FALSE,FALSE
2017-09-06T12:02:00-FLR-001,[{'displayName': 'GOES-P: EXIS 1.0-8.0'}],2017-09-06T12:02Z,2017-09-08T00:35Z,2017-09-09T00:05Z,SPE,S08W33,12673,[{'activityID': '2021-07-10T12:00:00-CME-001'}],https://kauai.ccmc.gsfc.nasa.gov/DONKI/view/FLR/17262/-1,41,FALSE,FALSE
2017-09-10T16:06:00-FLR-001,[{'displayName': 'GOES14: SEM/XRS 1.0-8.0'}],2017-09-10T16:06Z,2017-09-11T11:45Z,2017-09-14T17:25Z,ESPE,S09W92,12673,[{'activityID': '2021-07-10T12:00:00-CME-001'}],https://kauai.ccmc.gsfc.nasa.gov/DONKI/view/FLR/595/-1,1493,TRUE,FALSE
,,2021-05-28T23:13Z,2021-05-29T03:20Z,2021-05-29T05:40Z,SPE,N21W63,12824,,,15.6,FALSE,FALSE
2021-10-28T15:17:00-FLR-0001,[{'displayName': 'GOES14: SEM/XRS 1.0-8.0'}],2021-10-28T15:17Z,2021-10-29T02:50Z,2021-11-04T09:00Z,ESPE,S26W05,12887,[{'activityID': '2021-07-10T12:00:00-CME-001'}],https://kauai.ccmc.gsfc.nasa.gov/DONKI/view/FLR/595/-1,28.95,FALSE,FALSE
,,2021-11-09T17:02Z,2021-11-09T21:25Z,2021-11-11T00:00Z,SUB,N16W113,12891,,,2.65,TRUE,FALSE
2022-01-20T06:01:00-FLR-001,[{'displayName': 'GOES14: SEM/XRS 1.0-8.0'}],2022-01-20T06:01Z,2022-01-20T10:15Z,2022-01-20T10:15Z,ESPE,N08W48,12929,[{'activityID': '2021-07-10T12:00:00-CME-001'}],https://kauai.ccmc.gsfc.nasa.gov/DONKI/view/FLR/595/-1,22.7,FALSE,FALSE
2022-03-28T11:29:00-FLR-001,[{'displayName': 'GOES-P: EXIS 1.0-8.0'}],2022-03-28T11:29Z,2022-03-28T14:50Z,2022-03-29T00:00Z,ESPE,N14W04,12975,[{'activityID': '2021-07-10T12:00:00-CME-001'}],https://kauai.ccmc.gsfc.nasa.gov/DONKI/view/FLR/17262/-1,18.7,FALSE,FALSE
2022-03-30T17:37:00-FLR-001,[{'displayName': 'GOES-P: EXIS 1.0-8.0'}],2022-03-30T17:37Z,2022-03-31T06:30Z,2022-03-31T08:00Z,SPE,N13W31,12975,[{'activityID': '2021-07-10T12:00:00-CME-001'}],https://kauai.ccmc.gsfc.nasa.gov/DONKI/view/FLR/17262/-1,10.6,FALSE,FALSE
2022-04-02T13:55:00-FLR-001,[{'displayName': 'GOES-P: EXIS 1.0-8.0'}],2022-04-02T13:55Z,2022-04-02T16:00Z,2022-04-03T02:00Z,SPE,N15W61,12975,[{'activityID': '2021-07-10T12:00:00-CME-001'}],https://kauai.ccmc.gsfc.nasa.gov/DONKI/view/FLR/17262/-1,32.2,FALSE,FALSE
,,2022-07-09T13:48Z,2022-07-09T18:05Z,2022-07-11T12:00Z,SUB,S20W95,13047,,,4.985,TRUE,FALSE
2022-08-27T02:40:00-FLR-001,[{'displayName': 'GOES-P: EXIS 1.0-8.0'}],2022-08-27T02:40Z,2022-08-27T12:20Z,2022-08-29T06:00Z,SPE,S28W58,13088,[{'activityID': '2021-07-10T12:00:00-CME-001'}],https://kauai.ccmc.gsfc.nasa.gov/DONKI/view/FLR/17262/-1,27.5,FALSE,FALSE
,,2023-02-24T20:30Z,2023-02-25T00:10Z,2023-02-25T20:30Z,SUB,N28W28,13229,,,3.539,FALSE,FALSE
2023-02-25T20:30:00-FLR-001,[{'displayName': 'GOES-P: EXIS 1.0-8.0'}],2023-02-25T20:30Z,2023-02-26T04:40Z,2023-02-26T23:15Z,SPE,N26W43,13229,[{'activityID': '2021-07-10T12:00:00-CME-001'}],https://kauai.ccmc.gsfc.nasa.gov/DONKI/view/FLR/17262/-1,58.8,FALSE,FALSE
,,2023-04-21T18:12Z,2023-04-23T18:20Z,2023-04-23T18:40Z,SUB,S22W11,13283,,,2.62,FALSE,FALSE
2023-05-07T23:23:00-FLR-001,[{'displayName': 'GOES-P: EXIS 1.0-8.0'}],2023-05-07T23:23Z,2023-05-09T01:50Z,2023-05-09T12:35Z,SPE,N15W05,13296,[{'activityID': '2021-07-10T12:00:00-CME-001'}],https://kauai.ccmc.gsfc.nasa.gov/DONKI/view/FLR/17262/-1,38,FALSE,FALSE
2023-05-09T18:58:00-FLR-001,[{'displayName': 'GOES-P: EXIS 1.0-8.0'}],2023-05-09T18:58Z,2023-05-10T12:50Z,2023-05-11T04:05Z,SPE,N13W31,13296,[{'activityID': '2021-07-10T12:00:00-CME-001'}],https://kauai.ccmc.gsfc.nasa.gov/DONKI/view/FLR/17262/-1,83,FALSE,FALSE
,,2023-05-16T17:35Z,2023-05-17T07:45Z,2023-05-19T00:00Z,SUB,N15W126,13296,,,0.8,TRUE,FALSE
,,2023-07-10T04:12Z,2023-07-10T17:10Z,2023-07-11T12:00Z,SUB,S13W49,13366,,,1.19,FALSE,FALSE
,,2023-07-15T20:01Z,2023-07-16T01:35Z,2023-07-16T05:40Z,SUB,S22W45,13363,,,1.9,FALSE,FALSE
2023-07-18T00:06:00-FLR-001,[{'displayName': 'GOES-P: EXIS 1.0-8.0'}],2023-07-18T00:06Z ,2023-07-18T06:15Z ,2023-07-20T06:10Z ,SPE,S22W77,13363,[{'activityID': '2021-07-10T12:00:00-CME-001'}],https://kauai.ccmc.gsfc.nasa.gov/DONKI/view/FLR/17262/-1,620,FALSE,FALSE
2023-07-28T15:40:00-FLR-001,[{'displayName': 'GOES-P: EXIS 1.0-8.0'}],2023-07-28T15:40Z ,2023-07-29T09:20Z ,2023-07-30T16:20Z ,SPE,N19W104,13376,[{'activityID': '2021-07-10T12:00:00-CME-001'}],https://kauai.ccmc.gsfc.nasa.gov/DONKI/view/FLR/17262/-1,154,TRUE,FALSE
2023-08-05T07:18:00-FLR-001,[{'displayName': 'GOES-P: EXIS 1.0-8.0'}],2023-08-05T07:18Z ,2023-08-05T17:45Z ,2023-08-05T23:00Z ,SPE,N10W43,13386,[{'activityID': '2021-07-10T12:00:00-CME-001'}],https://kauai.ccmc.gsfc.nasa.gov/DONKI/view/FLR/17262/-1,18.5,FALSE,FALSE
2023-08-05T22:21:00-FLR-001,[{'displayName': 'GOES-P: EXIS 1.0-8.0'}],2023-08-05T22:21Z ,2023-08-06T01:40Z ,2023-08-06T04:55Z,SPE,N11W77,13386,[{'activityID': '2021-07-10T12:00:00-CME-001'}],https://kauai.ccmc.gsfc.nasa.gov/DONKI/view/FLR/17262/-1,17.7,FALSE,FALSE
2023-08-07T08:46:00-FLR-001,[{'displayName': 'GOES-P: EXIS 1.0-8.0'}],2023-08-07T20:46Z ,2023-08-09T00:25Z ,2023-08-10T09:50Z,SPE,N11W101,13386,[{'activityID': '2021-07-10T12:00:00-CME-001'}],https://kauai.ccmc.gsfc.nasa.gov/DONKI/view/FLR/17262/-1,47.7,TRUE,FALSE
2023-09-01T02:54:00-FLR-001,[{'displayName': 'GOES-P: EXIS 1.0-8.0'}],2023-09-01T02:54Z ,2023-09-01T06:10Z ,2023-09-02T00:00Z,SPE,N14W73,13413,[{'activityID': '2021-07-10T12:00:00-CME-001'}],https://kauai.ccmc.gsfc.nasa.gov/DONKI/view/FLR/17262/-1,25.8,FALSE,FALSE
,,2023-12-14T17:02Z,2023-12-15T08:20Z,2023-12-15T15:30Z,SUB,N04W51,13514,,,1.827,FALSE,FALSE
,,2023-12-15T07:34Z,2023-12-16T00:15Z,2023-12-16T00:55Z,SPE,N05W60,13514,,,13.935,FALSE,FALSE
,,2023-12-31T21:55Z,2024-01-04T08:35Z,2024-01-04T22:15Z,SPE,N04E73,13536,,,20,FALSE,FALSE
,,2024-01-29T04:38Z,2024-01-29T18:05Z,2024-01-30T04:25Z,SPE,N25W70,13559,,,137,FALSE,FALSE
,,2024-02-09T13:14Z,2024-02-09T23:55Z,2024-02-11T18:05Z,SPE,S37W104,13575,,,187,TRUE,FALSE
,,2024-02-12T06:36Z,2024-02-13T06:30Z,2024-02-14T08:50Z,ESPE,S37W150,13575,,,116,TRUE,FALSE
,,2024-02-14T04:09Z,2024-02-14T10:30Z,2024-02-14T20:00Z,SPE,S37W170,13575,,,47.7,TRUE,FALSE
,,2024-02-16T06:53Z,2024-02-16T10:30Z,2024-02-18T18:00Z,SUB,S16W80,13576,,,6.65,FALSE,FALSE
,,2024-03-15T01:47Z,2024-03-16T06:35Z,2024-03-16T15:05Z,SPE,S13W95,13599,,,16.7,TRUE,FALSE
,,2024-03-23T01:33Z,2024-03-23T18:20Z,2024-03-25T15:15Z,SPE,N27E08,13614,,,956,FALSE,FALSE
,,2024-05-09T09:13Z,2024-05-10T10:45Z,2024-05-10T10:55Z,SUB,S20W26,13664,,,3.4,FALSE,FALSE
,,2024-05-10T06:54Z,2024-05-10T17:05Z,2024-05-11T01:05Z,SPE,S20W26,13664,,,64.93,FALSE,FALSE
,,2024-05-11T01:23Z,2024-05-11T09:10Z,2024-05-12T12:35Z,ESPE,S15W45,13664,,,116.4,FALSE,FALSE
,,2024-05-13T09:44Z,2024-05-14T05:20Z,2024-05-16T14:50Z,SPE,S20W81,13664,,,120.91,FALSE,FALSE
,,2024-06-08T01:49Z,2024-06-08T08:00Z,2024-06-09T21:35Z,ESPE,S18W53,13697,,,1028.5,FALSE,FALSE
,,2024-06-12T00:35Z,2024-06-12T05:20Z,2024-06-14T12:00Z,SUB,N18W111,13697,,,6.639,TRUE,FALSE
,,2024-07-23T00:23Z,2024-07-23T10:40Z,2024-07-23T23:45Z,ESPE,S09W163,13738,,,24.8,TRUE,FALSE
,,2024-08-05T13:40Z,2024-08-05T21:40Z,2024-08-06T12:00Z,SUB,S11W96,13765,,,3.58,TRUE,FALSE
,,2024-09-01T13:22Z,2024-09-03T00:40Z,2024-09-03T09:30Z,SUB,S22E64,13813,,,5.95,FALSE,FALSE
,,2024-09-03T07:22Z,2024-09-03T12:45Z,2024-09-07T00:00Z,SUB,S20E57,13813,,,6.29,FALSE,FALSE
,,2024-09-09T03:32Z,2024-09-09T22:50Z,2024-09-10T05:55Z,SPE,S08W83,13806,,,34.17,FALSE,FALSE
,,2024-09-14T15:29Z,2024-09-15T14:55Z,2024-09-17T16:10Z,SUB,S16E56,13825,,,6.2,FALSE,FALSE
,,2024-10-07T19:13Z,2024-10-08T04:45Z,2024-10-08T12:30Z,SUB,S19W63,13842,,,2.5,FALSE,FALSE
,,2024-10-09T01:56Z,2024-10-09T13:00Z,2024-10-11T03:15Z,ESPE,N12W11,13848,,,1065.5,FALSE,FALSE
,,2024-10-24T03:57Z,2024-10-26T16:15Z,2024-10-26T16:15Z,SUB,S05E86,13869,,,3.46,FALSE,FALSE
,,2024-10-26T07:19Z,2024-10-27T15:35Z,2024-11-01T08:40Z,SPE,S11E56,13873,,,273.1,FALSE,FALSE
,,2024-11-21T18:12Z,2024-11-22T03:55Z,2024-11-22T18:45Z,ESPE,S09W120,13889,,,125,TRUE,FALSE
,,2025-01-04T15:09Z,2025-01-05T00:55Z,2025-01-05T09:40Z,SPE,S17W55,13939,,,20,FALSE,FALSE
,,2025-02-24T07:02Z,2025-02-24T13:55Z,2025-02-24T23:00Z,SUB,N16W20,14000,,,1.58,FALSE,FALSE
,,2025-02-24T22:09Z,2025-02-25T02:40Z,2025-02-25T11:15Z,SPE,N16W30,14000,,,37.1,FALSE,FALSE
